{"cameraMode":{"drawMode":0,"name":"Shaded","section":"Shading Mode"},"sceneLighting":false,"audioPlay":false,"sceneViewState":{"m_AlwaysRefresh":false,"showFog":true,"showSkybox":false,"showFlares":true,"showImageEffects":true,"showParticleSystems":true,"showVisualEffectGraphs":true,"m_FxEnabled":true},"in2DMode":false,"pivot":{"x":0.3643035590648651,"y":1.6793196201324463,"z":8.489656448364258},"rotation":{"x":-0.19007298350334168,"y":-0.5694272518157959,"z":0.13735739886760713,"w":-0.7879050970077515},"size":2.8654046058654787,"orthographic":false}